INSERT INTO trains(code, type)
VALUES ('MNS-GRD', 'INTERREGIONAL'),
       ('MNS-BRT', 'INTERREGIONAL'),
       ('MNS-PNS', 'INTERREGIONAL'),
       ('MNS-GOM', 'INTERREGIONAL'),
       ('MNS-MOG', 'INTERREGIONAL'),
       ('MNS-VIT', 'INTERREGIONAL'),
       ('GRD-GOM', 'INTERREGIONAL'),
       ('BRT-VIT', 'INTERREGIONAL'),
       ('BRT-MOG', 'INTERREGIONAL'),
       ('VIT-GOM', 'INTERREGIONAL'),
       ('MNS-MSC', 'INTERNATIONAL'),
       ('MSC-MNS', 'INTERNATIONAL'),
       ('PNS-BRT', 'REGIONAL'),
       ('BRT-PNS', 'REGIONAL'),
       ('MNS-MOL', 'REGIONAL'),
       ('MOL-MNS', 'REGIONAL'),
       ('GOM-OSP', 'INTERREGIONAL'),
       ('OSP-GOM', 'INTERREGIONAL'),
       ('MNS-BEL', 'URBAN'),
       ('BEL-MNS', 'URBAN');

INSERT INTO stations(name)
VALUES ('MINSK'),      --1
       ('GRODNO'),     --2
       ('BREST'),      --3
       ('PINSK'),      --4
       ('GOMEL'),      -- 5
       ('MOGILEV'),    --6
       ('VITEBSK'),    --7
       ('MOSCOW'),     --8
       ('WARSHAW'),    --9
       ('KYIV'),       --10
       ('MOLODECHNO'), --11
       ('OSIPOVICHI'), --12
       ('BELARUS'); --13

INSERT INTO routes_stations(station_id, arrival_time, departure_time, train_id)
VALUES (1, null, '08-07-2023 15:18', 1),
       (11, '08-07-2023 16:15', '08-07-2023 16:17', 1),
       (2, '08-07-2023 19:10', null, 1),

       (1, null, '08-07-2023 13:15', 2),
       (3, '08-07-2023 17:00', null, 2),

       (1, null, '08-07-2023 14:10', 3),
       (4, '08-07-2023 18:09', null, 3),

       (1, null, '08-07-2023 11:14', 4),
       (12, '08-07-2023 12:10', '08-07-2023 12:11', 4),
       (5, '08-07-2023 14:11', null, 4),

       (1, null, '08-07-2023 15:35', 5),
       (12, '08-07-2023 16:36', '08-07-2023 16:38', 5),
       (6, '08-07-2023 18:18', null, 5),

       (1, null, '08-07-2023 15:15', 6),
       (7, '08-07-2023 18:15', null, 6),

       (2, null, '08-07-2023 17:01', 7),
       (1, '08-07-2023 23:49', '09-07-2023 00:18', 7),
       (12, '09-07-2023 01:35', '09-07-2023 01:54', 7),
       (5, '09-07-2023 07:31', null, 7),

       (3, null, '08-07-2023 17:22', 8),
       (4, '08-07-2023 20:19', '08-07-2023 20:25', 8),
       (6, '09-07-2023 04:25', '09-07-2023 04:34', 8),
       (7, '09-07-2023 07:58', null, 8),

       (3, null, '08-07-2023 12:22', 9),
       (4, '08-07-2023 15:19', '08-07-2023 15:25', 9),
       (6, '08-07-2023 11:25', null, 9),

       (7, null, '08-07-2023 18:39', 10),
       (6, '08-07-2023 22:28', '08-07-2023 22:33', 10),
       (5, '09-07-2023 06:00', null, 10),

       (1, null, '08-07-2023 16:00', 11),
       (8, '08-07-2023 22:55', null, 11),

       (8, null, '08-07-2023 16:00', 12),
       (1, '08-07-2023 22:55', null, 12),

       (4, null, '08-07-2023 15:39', 13),
       (3, '08-07-2023 19:24', null, 13),

       (3, null, '08-07-2023 15:59', 14),
       (4, '08-07-2023 19:43', null, 14),

       (1, null, '08-07-2023 14:02', 15),
       (13, '08-07-2023 14:40', '08-07-2023 14:41', 15),
       (11, '08-07-2023 15:50', null, 15),

       (11, null, '08-07-2023 10:59', 16),
       (13, '08-07-2023 12:07', '08-07-2023 12:08', 16),
       (1, '08-07-2023 12:45', null, 16),

       (5, null, '08-07-2023 17:10', 17),
       (12, '08-07-2023 19:28', null, 17),

       (12, null, '08-07-2023 18:39', 18),
       (5, '08-07-2023 20:45', null, 18),

       (1, null, '08-07-2023 13:30', 19),
       (13, '08-07-2023 14:04', null, 19),

       (13, null, '08-07-2023 10:38', 20),
       (1, '08-07-2023 11:12', null, 20);

INSERT INTO wagons(no, train_id, type)
VALUES (1, 1, 'SITTING'),
       (2, 1, 'RESERVED'),
       (3, 1, 'COUPE'),
       (1, 2, 'SITTING'),
       (2, 2, 'RESERVED'),
       (3, 2, 'COUPE'),
       (1, 3, 'SITTING'),
       (2, 3, 'RESERVED'),
       (3, 3, 'COUPE'),
       (1, 4, 'SITTING'),
       (2, 4, 'RESERVED'),
       (3, 4, 'COUPE'),
       (1, 5, 'SITTING'),
       (2, 5, 'RESERVED'),
       (3, 5, 'COUPE'),
       (1, 6, 'SITTING'),
       (2, 6, 'RESERVED'),
       (3, 6, 'COUPE'),
       (1, 7, 'SITTING'),
       (2, 7, 'RESERVED'),
       (3, 7, 'COUPE'),
       (1, 8, 'SITTING'),
       (2, 8, 'RESERVED'),
       (3, 8, 'COUPE'),
       (1, 9, 'SITTING'),
       (2, 9, 'RESERVED'),
       (3, 9, 'COUPE'),
       (1, 10, 'SITTING'),
       (2, 10, 'RESERVED'),
       (3, 10, 'COUPE'),
       (1, 11, 'SITTING'),
       (2, 11, 'RESERVED'),
       (3, 11, 'COUPE'),
       (1, 12, 'SITTING'),
       (2, 12, 'RESERVED'),
       (3, 12, 'COUPE'),
       (1, 13, 'SITTING'),
       (2, 13, 'SITTING'),
       (3, 13, 'SITTING'),
       (1, 14, 'SITTING'),
       (2, 14, 'SITTING'),
       (3, 14, 'SITTING'),
       (1, 15, 'SITTING'),
       (2, 15, 'SITTING'),
       (3, 15, 'SITTING'),
       (1, 16, 'SITTING'),
       (2, 16, 'SITTING'),
       (3, 16, 'SITTING'),
       (1, 17, 'SITTING'),
       (2, 17, 'RESERVED'),
       (3, 17, 'COUPE'),
       (1, 18, 'SITTING'),
       (2, 18, 'RESERVED'),
       (3, 18, 'COUPE'),
       (2, 19, 'SITTING'),
       (3, 19, 'SITTING'),
       (1, 19, 'SITTING'),
       (2, 20, 'SITTING'),
       (3, 20, 'SITTING'),
       (1, 20, 'SITTING');


INSERT INTO roles(role)
VALUES ('ADMIN'),
       ('OPERATOR'),
       ('USER');

INSERT INTO users(role_id, email, last_name, name, password)
VALUES (1, 'maxik@gmail.com', 'White', 'Max', '{noop}qwerty123'),
       (2, 'katya@gmail.com', 'Yarmosh', 'Kate', '{noop}qwerty123'),
       (3, 'ivan@gmail.com', 'Ivanov', 'Ivan', '{noop}qwerty123');

INSERT INTO passengers(document, document_no, gender, last_name, middle_name, name)
VALUES ('PASSPORT', 'AB2944725', 'MALE', 'Yarmosh', 'Konstantinovich', 'Maxim'),
       ('DRIVER_LICENSE', '22428191421', 'FEMALE', 'Yarmoshyk', 'Valeryevna', 'Kate'),
       ('PASSPORT', 'HB22412386', 'MALE', 'Ivanov', 'Ivanovich', 'Ivan');

INSERT INTO users_passengers (passenger_id, user_id)
VALUES (1, 2),
       (1, 3),
       (1, 1),
       (2, 1),
       (2, 2),
       (2, 3),
       (3, 1),
       (3, 2),
       (3, 3);

INSERT INTO orders(payed_time, registration_time, user_id, no, status)
VALUES (null, now(), 1, '12315412541231', 'NEED_PAY'),
       (now(), now(), 1, '235324543321', 'PAYED'),
       (null, now(), 1, '8649564530232', 'NEED_PAY'),

       (null, now(), 2, '75646458968793', 'NEED_PAY'),
       (now(), now(), 2, '437859341231', 'PAYED'),
       (null, now(), 2, '345349583791', 'NEED_PAY'),

       (null, now(), 3, '63247923891', 'NEED_PAY'),
       (now(), now(), 3, '1724687129911','PAYED'),
       (null, now(), 3, '56743859238752','NEED_PAY');

INSERT INTO tickets(from_id, to_id, passenger_id, order_id)
VALUES (1, 3, 1, 1),
       (1, 3, 2, 1),
       (1, 3, 3, 1),
       (4, 5, 1, 2),
       (6, 7, 1, 3),

       (8, 10, 1, 5),
       (8, 10, 2, 5),
       (8, 10, 3, 5),
       (4, 5, 2, 4),
       (6, 7, 2, 6),


       (11, 13, 1, 8),
       (11, 13, 2, 8),
       (11, 13, 3, 8),
       (4, 5, 3, 7),
       (6, 7, 3, 9);


INSERT INTO seats(cost, no, ticket_id, wagon_id, type)
VALUES (15.96, 1, null, 1, 'LOWER'),
       (15.96, 2, null, 1, 'LOWER'),
       (15.96, 3, null, 1, 'LOWER'),
       (15.96, 4, null, 1, 'LOWER'),
       (15.96, 5, null, 1, 'LOWER'),
       (15.96, 6, null, 1, 'LOWER'),
       (15.96, 7, null, 1, 'LOWER'),
       (15.96, 8, null, 1, 'LOWER'),
       (15.96, 9, null, 1, 'LOWER'),
       (15.96, 10, null, 1, 'LOWER'),

       (25.04, 1, null, 2, 'LOWER'),
       (25.04, 2, null, 2, 'UPPER'),
       (25.04, 3, null, 2, 'LOWER'),
       (25.04, 4, null, 2, 'UPPER'),
       (25.04, 5, null, 2, 'LOWER'),
       (25.04, 6, null, 2, 'UPPER'),
       (25.04, 7, null, 2, 'LOWER_SIDE'),
       (25.04, 8, null, 2, 'UPPER_SIDE'),
       (25.04, 9, null, 2, 'LOWER_SIDE'),
       (25.04, 10, null, 2, 'UPPER_SIDE'),

       (33.88, 1, 1, 3, 'LOWER'),
       (33.88, 2, 3, 3, 'UPPER'),
       (33.88, 3, 2, 3, 'LOWER'),
       (33.88, 4, null, 3, 'UPPER'),
       (33.88, 5, null, 3, 'LOWER'),
       (33.88, 6, null, 3, 'UPPER'),
       (33.88, 7, null, 3, 'LOWER'),
       (33.88, 8, null, 3, 'UPPER'),
       (33.88, 9, null, 3, 'LOWER'),
       (33.88, 10, null, 3, 'UPPER'),


       (15.96, 1, null, 4, 'LOWER'),
       (15.96, 2, null, 4, 'LOWER'),
       (15.96, 3, null, 4, 'LOWER'),
       (15.96, 4, null, 4, 'LOWER'),
       (15.96, 5, null, 4, 'LOWER'),
       (15.96, 6, null, 4, 'LOWER'),
       (15.96, 7, null, 4, 'LOWER'),
       (15.96, 8, null, 4, 'LOWER'),
       (15.96, 9, null, 4, 'LOWER'),
       (15.96, 10, null, 4, 'LOWER'),

       (25.04, 1, null, 5, 'LOWER'),
       (25.04, 2, null, 5, 'UPPER'),
       (25.04, 3, null, 5, 'LOWER'),
       (25.04, 4, null, 5, 'UPPER'),
       (25.04, 5, null, 5, 'LOWER'),
       (25.04, 6, null, 5, 'UPPER'),
       (25.04, 7, null, 5, 'LOWER_SIDE'),
       (25.04, 8, null, 5, 'UPPER_SIDE'),
       (25.04, 9, null, 5, 'LOWER_SIDE'),
       (25.04, 10, null, 5, 'UPPER_SIDE'),

       (33.88, 1, 4, 6, 'LOWER'),
       (33.88, 2, 9, 6, 'UPPER'),
       (33.88, 3, 14, 6, 'LOWER'),
       (33.88, 4, null, 6, 'UPPER'),
       (33.88, 5, null, 6, 'LOWER'),
       (33.88, 6, null, 6, 'UPPER'),
       (33.88, 7, null, 6, 'LOWER'),
       (33.88, 8, null, 6, 'UPPER'),
       (33.88, 9, null, 6, 'LOWER'),
       (33.88, 10, null, 6, 'UPPER'),


       (15.96, 1, null, 7, 'LOWER'),
       (15.96, 2, null, 7, 'LOWER'),
       (15.96, 3, null, 7, 'LOWER'),
       (15.96, 4, null, 7, 'LOWER'),
       (15.96, 5, null, 7, 'LOWER'),
       (15.96, 6, null, 7, 'LOWER'),
       (15.96, 7, null, 7, 'LOWER'),
       (15.96, 8, null, 7, 'LOWER'),
       (15.96, 9, null, 7, 'LOWER'),
       (15.96, 10, null, 7, 'LOWER'),

       (25.04, 1, null, 8, 'LOWER'),
       (25.04, 2, null, 8, 'UPPER'),
       (25.04, 3, null, 8, 'LOWER'),
       (25.04, 4, null, 8, 'UPPER'),
       (25.04, 5, null, 8, 'LOWER'),
       (25.04, 6, null, 8, 'UPPER'),
       (25.04, 7, null, 8, 'LOWER_SIDE'),
       (25.04, 8, null, 8, 'UPPER_SIDE'),
       (25.04, 9, null, 8, 'LOWER_SIDE'),
       (25.04, 10, null, 8, 'UPPER_SIDE'),

       (33.88, 1, 5, 9, 'LOWER'),
       (33.88, 2, 10, 9, 'UPPER'),
       (33.88, 3, 15, 9, 'LOWER'),
       (33.88, 4, null, 9, 'UPPER'),
       (33.88, 5, null, 9, 'LOWER'),
       (33.88, 6, null, 9, 'UPPER'),
       (33.88, 7, null, 9, 'LOWER'),
       (33.88, 8, null, 9, 'UPPER'),
       (33.88, 9, null, 9, 'LOWER'),
       (33.88, 10, null, 9, 'UPPER'),


       (15.96, 1, null, 10, 'LOWER'),
       (15.96, 2, null, 10, 'LOWER'),
       (15.96, 3, null, 10, 'LOWER'),
       (15.96, 4, null, 10, 'LOWER'),
       (15.96, 5, null, 10, 'LOWER'),
       (15.96, 6, null, 10, 'LOWER'),
       (15.96, 7, null, 10, 'LOWER'),
       (15.96, 8, null, 10, 'LOWER'),
       (15.96, 9, null, 10, 'LOWER'),
       (15.96, 10, null, 10, 'LOWER'),

       (25.04, 1, null, 11, 'LOWER'),
       (25.04, 2, null, 11, 'UPPER'),
       (25.04, 3, null, 11, 'LOWER'),
       (25.04, 4, null, 11, 'UPPER'),
       (25.04, 5, null, 11, 'LOWER'),
       (25.04, 6, null, 11, 'UPPER'),
       (25.04, 7, null, 11, 'LOWER_SIDE'),
       (25.04, 8, null, 11, 'UPPER_SIDE'),
       (25.04, 9, null, 11, 'LOWER_SIDE'),
       (25.04, 10, null, 11, 'UPPER_SIDE'),

       (33.88, 1, 6, 12, 'LOWER'),
       (33.88, 2, 7, 12, 'UPPER'),
       (33.88, 3, 8, 12, 'LOWER'),
       (33.88, 4, null, 12, 'UPPER'),
       (33.88, 5, null, 12, 'LOWER'),
       (33.88, 6, null, 12, 'UPPER'),
       (33.88, 7, null, 12, 'LOWER'),
       (33.88, 8, null, 12, 'UPPER'),
       (33.88, 9, null, 12, 'LOWER'),
       (33.88, 10, null, 12, 'UPPER'),


       (15.96, 1, null, 13, 'LOWER'),
       (15.96, 2, null, 13, 'LOWER'),
       (15.96, 3, null, 13, 'LOWER'),
       (15.96, 4, null, 13, 'LOWER'),
       (15.96, 5, null, 13, 'LOWER'),
       (15.96, 6, null, 13, 'LOWER'),
       (15.96, 7, null, 13, 'LOWER'),
       (15.96, 8, null, 13, 'LOWER'),
       (15.96, 9, null, 13, 'LOWER'),
       (15.96, 10, null, 13, 'LOWER'),

       (25.04, 1, null, 14, 'LOWER'),
       (25.04, 2, null, 14, 'UPPER'),
       (25.04, 3, null, 14, 'LOWER'),
       (25.04, 4, null, 14, 'UPPER'),
       (25.04, 5, null, 14, 'LOWER'),
       (25.04, 6, null, 14, 'UPPER'),
       (25.04, 7, null, 14, 'LOWER_SIDE'),
       (25.04, 8, null, 14, 'UPPER_SIDE'),
       (25.04, 9, null, 14, 'LOWER_SIDE'),
       (25.04, 10, null, 14, 'UPPER_SIDE'),

       (33.88, 1, 11, 15, 'LOWER'),
       (33.88, 2, 12, 15, 'UPPER'),
       (33.88, 3, 13, 15, 'LOWER'),
       (33.88, 4, null, 15, 'UPPER'),
       (33.88, 5, null, 15, 'LOWER'),
       (33.88, 6, null, 15, 'UPPER'),
       (33.88, 7, null, 15, 'LOWER'),
       (33.88, 8, null, 15, 'UPPER'),
       (33.88, 9, null, 15, 'LOWER'),
       (33.88, 10, null, 15, 'UPPER'),


       (15.96, 1, null, 16, 'LOWER'),
       (15.96, 2, null, 16, 'LOWER'),
       (15.96, 3, null, 16, 'LOWER'),
       (15.96, 4, null, 16, 'LOWER'),
       (15.96, 5, null, 16, 'LOWER'),
       (15.96, 6, null, 16, 'LOWER'),
       (15.96, 7, null, 16, 'LOWER'),
       (15.96, 8, null, 16, 'LOWER'),
       (15.96, 9, null, 16, 'LOWER'),
       (15.96, 10, null, 16, 'LOWER'),

       (25.04, 1, null, 17, 'LOWER'),
       (25.04, 2, null, 17, 'UPPER'),
       (25.04, 3, null, 17, 'LOWER'),
       (25.04, 4, null, 17, 'UPPER'),
       (25.04, 5, null, 17, 'LOWER'),
       (25.04, 6, null, 17, 'UPPER'),
       (25.04, 7, null, 17, 'LOWER_SIDE'),
       (25.04, 8, null, 17, 'UPPER_SIDE'),
       (25.04, 9, null, 17, 'LOWER_SIDE'),
       (25.04, 10, null, 17, 'UPPER_SIDE'),

       (33.88, 1, null, 18, 'LOWER'),
       (33.88, 2, null, 18, 'UPPER'),
       (33.88, 3, null, 18, 'LOWER'),
       (33.88, 4, null, 18, 'UPPER'),
       (33.88, 5, null, 18, 'LOWER'),
       (33.88, 6, null, 18, 'UPPER'),
       (33.88, 7, null, 18, 'LOWER'),
       (33.88, 8, null, 18, 'UPPER'),
       (33.88, 9, null, 18, 'LOWER'),
       (33.88, 10, null, 18, 'UPPER'),


       (15.96, 1, null, 19, 'LOWER'),
       (15.96, 2, null, 19, 'LOWER'),
       (15.96, 3, null, 19, 'LOWER'),
       (15.96, 4, null, 19, 'LOWER'),
       (15.96, 5, null, 19, 'LOWER'),
       (15.96, 6, null, 19, 'LOWER'),
       (15.96, 7, null, 19, 'LOWER'),
       (15.96, 8, null, 19, 'LOWER'),
       (15.96, 9, null, 19, 'LOWER'),
       (15.96, 10, null, 19, 'LOWER'),

       (25.04, 1, null, 20, 'LOWER'),
       (25.04, 2, null, 20, 'UPPER'),
       (25.04, 3, null, 20, 'LOWER'),
       (25.04, 4, null, 20, 'UPPER'),
       (25.04, 5, null, 20, 'LOWER'),
       (25.04, 6, null, 20, 'UPPER'),
       (25.04, 7, null, 20, 'LOWER_SIDE'),
       (25.04, 8, null, 20, 'UPPER_SIDE'),
       (25.04, 9, null, 20, 'LOWER_SIDE'),
       (25.04, 10, null, 20, 'UPPER_SIDE'),

       (33.88, 1, null, 21, 'LOWER'),
       (33.88, 2, null, 21, 'UPPER'),
       (33.88, 3, null, 21, 'LOWER'),
       (33.88, 4, null, 21, 'UPPER'),
       (33.88, 5, null, 21, 'LOWER'),
       (33.88, 6, null, 21, 'UPPER'),
       (33.88, 7, null, 21, 'LOWER'),
       (33.88, 8, null, 21, 'UPPER'),
       (33.88, 9, null, 21, 'LOWER'),
       (33.88, 10, null, 21, 'UPPER'),


       (15.96, 1, null, 22, 'LOWER'),
       (15.96, 2, null, 22, 'LOWER'),
       (15.96, 3, null, 22, 'LOWER'),
       (15.96, 4, null, 22, 'LOWER'),
       (15.96, 5, null, 22, 'LOWER'),
       (15.96, 6, null, 22, 'LOWER'),
       (15.96, 7, null, 22, 'LOWER'),
       (15.96, 8, null, 22, 'LOWER'),
       (15.96, 9, null, 22, 'LOWER'),
       (15.96, 10, null, 22, 'LOWER'),

       (25.04, 1, null, 23, 'LOWER'),
       (25.04, 2, null, 23, 'UPPER'),
       (25.04, 3, null, 23, 'LOWER'),
       (25.04, 4, null, 23, 'UPPER'),
       (25.04, 5, null, 23, 'LOWER'),
       (25.04, 6, null, 23, 'UPPER'),
       (25.04, 7, null, 23, 'LOWER_SIDE'),
       (25.04, 8, null, 23, 'UPPER_SIDE'),
       (25.04, 9, null, 23, 'LOWER_SIDE'),
       (25.04, 10, null, 23, 'UPPER_SIDE'),

       (33.88, 1, null, 24, 'LOWER'),
       (33.88, 2, null, 24, 'UPPER'),
       (33.88, 3, null, 24, 'LOWER'),
       (33.88, 4, null, 24, 'UPPER'),
       (33.88, 5, null, 24, 'LOWER'),
       (33.88, 6, null, 24, 'UPPER'),
       (33.88, 7, null, 24, 'LOWER'),
       (33.88, 8, null, 24, 'UPPER'),
       (33.88, 9, null, 24, 'LOWER'),
       (33.88, 10, null, 24, 'UPPER'),


       (15.96, 1, null, 25, 'LOWER'),
       (15.96, 2, null, 25, 'LOWER'),
       (15.96, 3, null, 25, 'LOWER'),
       (15.96, 4, null, 25, 'LOWER'),
       (15.96, 5, null, 25, 'LOWER'),
       (15.96, 6, null, 25, 'LOWER'),
       (15.96, 7, null, 25, 'LOWER'),
       (15.96, 8, null, 25, 'LOWER'),
       (15.96, 9, null, 25, 'LOWER'),
       (15.96, 10, null, 25, 'LOWER'),

       (25.04, 1, null, 26, 'LOWER'),
       (25.04, 2, null, 26, 'UPPER'),
       (25.04, 3, null, 26, 'LOWER'),
       (25.04, 4, null, 26, 'UPPER'),
       (25.04, 5, null, 26, 'LOWER'),
       (25.04, 6, null, 26, 'UPPER'),
       (25.04, 7, null, 26, 'LOWER_SIDE'),
       (25.04, 8, null, 26, 'UPPER_SIDE'),
       (25.04, 9, null, 26, 'LOWER_SIDE'),
       (25.04, 10, null, 26, 'UPPER_SIDE'),

       (33.88, 1, null, 27, 'LOWER'),
       (33.88, 2, null, 27, 'UPPER'),
       (33.88, 3, null, 27, 'LOWER'),
       (33.88, 4, null, 27, 'UPPER'),
       (33.88, 5, null, 27, 'LOWER'),
       (33.88, 6, null, 27, 'UPPER'),
       (33.88, 7, null, 27, 'LOWER'),
       (33.88, 8, null, 27, 'UPPER'),
       (33.88, 9, null, 27, 'LOWER'),
       (33.88, 10, null, 27, 'UPPER'),


       (15.96, 1, null, 28, 'LOWER'),
       (15.96, 2, null, 28, 'LOWER'),
       (15.96, 3, null, 28, 'LOWER'),
       (15.96, 4, null, 28, 'LOWER'),
       (15.96, 5, null, 28, 'LOWER'),
       (15.96, 6, null, 28, 'LOWER'),
       (15.96, 7, null, 28, 'LOWER'),
       (15.96, 8, null, 28, 'LOWER'),
       (15.96, 9, null, 28, 'LOWER'),
       (15.96, 10, null, 28, 'LOWER'),

       (25.04, 1, null, 29, 'LOWER'),
       (25.04, 2, null, 29, 'UPPER'),
       (25.04, 3, null, 29, 'LOWER'),
       (25.04, 4, null, 29, 'UPPER'),
       (25.04, 5, null, 29, 'LOWER'),
       (25.04, 6, null, 29, 'UPPER'),
       (25.04, 7, null, 29, 'LOWER_SIDE'),
       (25.04, 8, null, 29, 'UPPER_SIDE'),
       (25.04, 9, null, 29, 'LOWER_SIDE'),
       (25.04, 10, null, 29, 'UPPER_SIDE'),

       (33.88, 1, null, 30, 'LOWER'),
       (33.88, 2, null, 30, 'UPPER'),
       (33.88, 3, null, 30, 'LOWER'),
       (33.88, 4, null, 30, 'UPPER'),
       (33.88, 5, null, 30, 'LOWER'),
       (33.88, 6, null, 30, 'UPPER'),
       (33.88, 7, null, 30, 'LOWER'),
       (33.88, 8, null, 30, 'UPPER'),
       (33.88, 9, null, 30, 'LOWER'),
       (33.88, 10, null, 30, 'UPPER'),


       (15.96, 1, null, 31, 'LOWER'),
       (15.96, 2, null, 31, 'LOWER'),
       (15.96, 3, null, 31, 'LOWER'),
       (15.96, 4, null, 31, 'LOWER'),
       (15.96, 5, null, 31, 'LOWER'),
       (15.96, 6, null, 31, 'LOWER'),
       (15.96, 7, null, 31, 'LOWER'),
       (15.96, 8, null, 31, 'LOWER'),
       (15.96, 9, null, 31, 'LOWER'),
       (15.96, 10, null, 31, 'LOWER'),

       (25.04, 1, null, 32, 'LOWER'),
       (25.04, 2, null, 32, 'UPPER'),
       (25.04, 3, null, 32, 'LOWER'),
       (25.04, 4, null, 32, 'UPPER'),
       (25.04, 5, null, 32, 'LOWER'),
       (25.04, 6, null, 32, 'UPPER'),
       (25.04, 7, null, 32, 'LOWER_SIDE'),
       (25.04, 8, null, 32, 'UPPER_SIDE'),
       (25.04, 9, null, 32, 'LOWER_SIDE'),
       (25.04, 10, null, 32, 'UPPER_SIDE'),

       (33.88, 1, null, 33, 'LOWER'),
       (33.88, 2, null, 33, 'UPPER'),
       (33.88, 3, null, 33, 'LOWER'),
       (33.88, 4, null, 33, 'UPPER'),
       (33.88, 5, null, 33, 'LOWER'),
       (33.88, 6, null, 33, 'UPPER'),
       (33.88, 7, null, 33, 'LOWER'),
       (33.88, 8, null, 33, 'UPPER'),
       (33.88, 9, null, 33, 'LOWER'),
       (33.88, 10, null, 33, 'UPPER'),


       (15.96, 1, null, 34, 'LOWER'),
       (15.96, 2, null, 34, 'LOWER'),
       (15.96, 3, null, 34, 'LOWER'),
       (15.96, 4, null, 34, 'LOWER'),
       (15.96, 5, null, 34, 'LOWER'),
       (15.96, 6, null, 34, 'LOWER'),
       (15.96, 7, null, 34, 'LOWER'),
       (15.96, 8, null, 34, 'LOWER'),
       (15.96, 9, null, 34, 'LOWER'),
       (15.96, 10, null, 34, 'LOWER'),

       (25.04, 1, null, 35, 'LOWER'),
       (25.04, 2, null, 35, 'UPPER'),
       (25.04, 3, null, 35, 'LOWER'),
       (25.04, 4, null, 35, 'UPPER'),
       (25.04, 5, null, 35, 'LOWER'),
       (25.04, 6, null, 35, 'UPPER'),
       (25.04, 7, null, 35, 'LOWER_SIDE'),
       (25.04, 8, null, 35, 'UPPER_SIDE'),
       (25.04, 9, null, 35, 'LOWER_SIDE'),
       (25.04, 10, null, 35, 'UPPER_SIDE'),

       (33.88, 1, null, 36, 'LOWER'),
       (33.88, 2, null, 36, 'UPPER'),
       (33.88, 3, null, 36, 'LOWER'),
       (33.88, 4, null, 36, 'UPPER'),
       (33.88, 5, null, 36, 'LOWER'),
       (33.88, 6, null, 36, 'UPPER'),
       (33.88, 7, null, 36, 'LOWER'),
       (33.88, 8, null, 36, 'UPPER'),
       (33.88, 9, null, 36, 'LOWER'),
       (33.88, 10, null, 36, 'UPPER'),


       (15.96, 1, null, 37, 'LOWER'),
       (15.96, 2, null, 37, 'LOWER'),
       (15.96, 3, null, 37, 'LOWER'),
       (15.96, 4, null, 37, 'LOWER'),
       (15.96, 5, null, 37, 'LOWER'),
       (15.96, 6, null, 37, 'LOWER'),
       (15.96, 7, null, 37, 'LOWER'),
       (15.96, 8, null, 37, 'LOWER'),
       (15.96, 9, null, 37, 'LOWER'),
       (15.96, 10, null, 37, 'LOWER'),

       (25.04, 1, null, 38, 'LOWER'),
       (25.04, 2, null, 38, 'LOWER'),
       (25.04, 3, null, 38, 'LOWER'),
       (25.04, 4, null, 38, 'LOWER'),
       (25.04, 5, null, 38, 'LOWER'),
       (25.04, 6, null, 38, 'LOWER'),
       (25.04, 7, null, 38, 'LOWER'),
       (25.04, 8, null, 38, 'LOWER'),
       (25.04, 9, null, 38, 'LOWER'),
       (25.04, 10, null, 38, 'LOWER'),

       (33.88, 1, null, 39, 'LOWER'),
       (33.88, 2, null, 39, 'LOWER'),
       (33.88, 3, null, 39, 'LOWER'),
       (33.88, 4, null, 39, 'LOWER'),
       (33.88, 5, null, 39, 'LOWER'),
       (33.88, 6, null, 39, 'LOWER'),
       (33.88, 7, null, 39, 'LOWER'),
       (33.88, 8, null, 39, 'LOWER'),
       (33.88, 9, null, 39, 'LOWER'),
       (33.88, 10, null, 39, 'LOWER'),


       (15.96, 1, null, 40, 'LOWER'),
       (15.96, 2, null, 40, 'LOWER'),
       (15.96, 3, null, 40, 'LOWER'),
       (15.96, 4, null, 40, 'LOWER'),
       (15.96, 5, null, 40, 'LOWER'),
       (15.96, 6, null, 40, 'LOWER'),
       (15.96, 7, null, 40, 'LOWER'),
       (15.96, 8, null, 40, 'LOWER'),
       (15.96, 9, null, 40, 'LOWER'),
       (15.96, 10, null, 40, 'LOWER'),

       (25.04, 1, null, 41, 'LOWER'),
       (25.04, 2, null, 41, 'LOWER'),
       (25.04, 3, null, 41, 'LOWER'),
       (25.04, 4, null, 41, 'LOWER'),
       (25.04, 5, null, 41, 'LOWER'),
       (25.04, 6, null, 41, 'LOWER'),
       (25.04, 7, null, 41, 'LOWER'),
       (25.04, 8, null, 41, 'LOWER'),
       (25.04, 9, null, 41, 'LOWER'),
       (25.04, 10, null, 41, 'LOWER'),

       (33.88, 1, null, 42, 'LOWER'),
       (33.88, 2, null, 42, 'LOWER'),
       (33.88, 3, null, 42, 'LOWER'),
       (33.88, 4, null, 42, 'LOWER'),
       (33.88, 5, null, 42, 'LOWER'),
       (33.88, 6, null, 42, 'LOWER'),
       (33.88, 7, null, 42, 'LOWER'),
       (33.88, 8, null, 42, 'LOWER'),
       (33.88, 9, null, 42, 'LOWER'),
       (33.88, 10, null, 42, 'LOWER'),


       (15.96, 1, null, 43, 'LOWER'),
       (15.96, 2, null, 43, 'LOWER'),
       (15.96, 3, null, 43, 'LOWER'),
       (15.96, 4, null, 43, 'LOWER'),
       (15.96, 5, null, 43, 'LOWER'),
       (15.96, 6, null, 43, 'LOWER'),
       (15.96, 7, null, 43, 'LOWER'),
       (15.96, 8, null, 43, 'LOWER'),
       (15.96, 9, null, 43, 'LOWER'),
       (15.96, 10, null, 43, 'LOWER'),

       (25.04, 1, null, 44, 'LOWER'),
       (25.04, 2, null, 44, 'LOWER'),
       (25.04, 3, null, 44, 'LOWER'),
       (25.04, 4, null, 44, 'LOWER'),
       (25.04, 5, null, 44, 'LOWER'),
       (25.04, 6, null, 44, 'LOWER'),
       (25.04, 7, null, 44, 'LOWER'),
       (25.04, 8, null, 44, 'LOWER'),
       (25.04, 9, null, 44, 'LOWER'),
       (25.04, 10, null, 44, 'LOWER'),

       (33.88, 1, null, 45, 'LOWER'),
       (33.88, 2, null, 45, 'LOWER'),
       (33.88, 3, null, 45, 'LOWER'),
       (33.88, 4, null, 45, 'LOWER'),
       (33.88, 5, null, 45, 'LOWER'),
       (33.88, 6, null, 45, 'LOWER'),
       (33.88, 7, null, 45, 'LOWER'),
       (33.88, 8, null, 45, 'LOWER'),
       (33.88, 9, null, 45, 'LOWER'),
       (33.88, 10, null, 45, 'LOWER'),


       (15.96, 1, null, 46, 'LOWER'),
       (15.96, 2, null, 46, 'LOWER'),
       (15.96, 3, null, 46, 'LOWER'),
       (15.96, 4, null, 46, 'LOWER'),
       (15.96, 5, null, 46, 'LOWER'),
       (15.96, 6, null, 46, 'LOWER'),
       (15.96, 7, null, 46, 'LOWER'),
       (15.96, 8, null, 46, 'LOWER'),
       (15.96, 9, null, 46, 'LOWER'),
       (15.96, 10, null, 46, 'LOWER'),

       (25.04, 1, null, 47, 'LOWER'),
       (25.04, 2, null, 47, 'LOWER'),
       (25.04, 3, null, 47, 'LOWER'),
       (25.04, 4, null, 47, 'LOWER'),
       (25.04, 5, null, 47, 'LOWER'),
       (25.04, 6, null, 47, 'LOWER'),
       (25.04, 7, null, 47, 'LOWER'),
       (25.04, 8, null, 47, 'LOWER'),
       (25.04, 9, null, 47, 'LOWER'),
       (25.04, 10, null, 47, 'LOWER'),

       (33.88, 1, null, 48, 'LOWER'),
       (33.88, 2, null, 48, 'LOWER'),
       (33.88, 3, null, 48, 'LOWER'),
       (33.88, 4, null, 48, 'LOWER'),
       (33.88, 5, null, 48, 'LOWER'),
       (33.88, 6, null, 48, 'LOWER'),
       (33.88, 7, null, 48, 'LOWER'),
       (33.88, 8, null, 48, 'LOWER'),
       (33.88, 9, null, 48, 'LOWER'),
       (33.88, 10, null, 48, 'LOWER'),


       (15.96, 1, null, 49, 'LOWER'),
       (15.96, 2, null, 49, 'LOWER'),
       (15.96, 3, null, 49, 'LOWER'),
       (15.96, 4, null, 49, 'LOWER'),
       (15.96, 5, null, 49, 'LOWER'),
       (15.96, 6, null, 49, 'LOWER'),
       (15.96, 7, null, 49, 'LOWER'),
       (15.96, 8, null, 49, 'LOWER'),
       (15.96, 9, null, 49, 'LOWER'),
       (15.96, 10, null, 49, 'LOWER'),

       (25.04, 1, null, 50, 'LOWER'),
       (25.04, 2, null, 50, 'UPPER'),
       (25.04, 3, null, 50, 'LOWER'),
       (25.04, 4, null, 50, 'UPPER'),
       (25.04, 5, null, 50, 'LOWER'),
       (25.04, 6, null, 50, 'UPPER'),
       (25.04, 7, null, 50, 'LOWER_SIDE'),
       (25.04, 8, null, 50, 'UPPER_SIDE'),
       (25.04, 9, null, 50, 'LOWER_SIDE'),
       (25.04, 10, null, 50, 'UPPER_SIDE'),

       (33.88, 1, null, 51, 'LOWER'),
       (33.88, 2, null, 51, 'UPPER'),
       (33.88, 3, null, 51, 'LOWER'),
       (33.88, 4, null, 51, 'UPPER'),
       (33.88, 5, null, 51, 'LOWER'),
       (33.88, 6, null, 51, 'UPPER'),
       (33.88, 7, null, 51, 'LOWER'),
       (33.88, 8, null, 51, 'UPPER'),
       (33.88, 9, null, 51, 'LOWER'),
       (33.88, 10, null, 51, 'UPPER'),


       (15.96, 1, null, 52, 'LOWER'),
       (15.96, 2, null, 52, 'LOWER'),
       (15.96, 3, null, 52, 'LOWER'),
       (15.96, 4, null, 52, 'LOWER'),
       (15.96, 5, null, 52, 'LOWER'),
       (15.96, 6, null, 52, 'LOWER'),
       (15.96, 7, null, 52, 'LOWER'),
       (15.96, 8, null, 52, 'LOWER'),
       (15.96, 9, null, 52, 'LOWER'),
       (15.96, 10, null, 52, 'LOWER'),

       (25.04, 1, null, 53, 'LOWER'),
       (25.04, 2, null, 53, 'UPPER'),
       (25.04, 3, null, 53, 'LOWER'),
       (25.04, 4, null, 53, 'UPPER'),
       (25.04, 5, null, 53, 'LOWER'),
       (25.04, 6, null, 53, 'UPPER'),
       (25.04, 7, null, 53, 'LOWER_SIDE'),
       (25.04, 8, null, 53, 'UPPER_SIDE'),
       (25.04, 9, null, 53, 'LOWER_SIDE'),
       (25.04, 10, null, 53, 'UPPER_SIDE'),

       (33.88, 1, null, 54, 'LOWER'),
       (33.88, 2, null, 54, 'UPPER'),
       (33.88, 3, null, 54, 'LOWER'),
       (33.88, 4, null, 54, 'UPPER'),
       (33.88, 5, null, 54, 'LOWER'),
       (33.88, 6, null, 54, 'UPPER'),
       (33.88, 7, null, 54, 'LOWER'),
       (33.88, 8, null, 54, 'UPPER'),
       (33.88, 9, null, 54, 'LOWER'),
       (33.88, 10, null, 54, 'UPPER'),


       (15.96, 1, null, 55, 'LOWER'),
       (15.96, 2, null, 55, 'LOWER'),
       (15.96, 3, null, 55, 'LOWER'),
       (15.96, 4, null, 55, 'LOWER'),
       (15.96, 5, null, 55, 'LOWER'),
       (15.96, 6, null, 55, 'LOWER'),
       (15.96, 7, null, 55, 'LOWER'),
       (15.96, 8, null, 55, 'LOWER'),
       (15.96, 9, null, 55, 'LOWER'),
       (15.96, 10, null, 55, 'LOWER'),

       (25.04, 1, null, 56, 'LOWER'),
       (25.04, 2, null, 56, 'LOWER'),
       (25.04, 3, null, 56, 'LOWER'),
       (25.04, 4, null, 56, 'LOWER'),
       (25.04, 5, null, 56, 'LOWER'),
       (25.04, 6, null, 56, 'LOWER'),
       (25.04, 7, null, 56, 'LOWER'),
       (25.04, 8, null, 56, 'LOWER'),
       (25.04, 9, null, 56, 'LOWER'),
       (25.04, 10, null, 56, 'LOWER'),

       (33.88, 1, null, 57, 'LOWER'),
       (33.88, 2, null, 57, 'LOWER'),
       (33.88, 3, null, 57, 'LOWER'),
       (33.88, 4, null, 57, 'LOWER'),
       (33.88, 5, null, 57, 'LOWER'),
       (33.88, 6, null, 57, 'LOWER'),
       (33.88, 7, null, 57, 'LOWER'),
       (33.88, 8, null, 57, 'LOWER'),
       (33.88, 9, null, 57, 'LOWER'),
       (33.88, 10, null, 57, 'LOWER'),


       (15.96, 1, null, 58, 'LOWER'),
       (15.96, 2, null, 58, 'LOWER'),
       (15.96, 3, null, 58, 'LOWER'),
       (15.96, 4, null, 58, 'LOWER'),
       (15.96, 5, null, 58, 'LOWER'),
       (15.96, 6, null, 58, 'LOWER'),
       (15.96, 7, null, 58, 'LOWER'),
       (15.96, 8, null, 58, 'LOWER'),
       (15.96, 9, null, 58, 'LOWER'),
       (15.96, 10, null, 58, 'LOWER'),

       (25.04, 1, null, 59, 'LOWER'),
       (25.04, 2, null, 59, 'LOWER'),
       (25.04, 3, null, 59, 'LOWER'),
       (25.04, 4, null, 59, 'LOWER'),
       (25.04, 5, null, 59, 'LOWER'),
       (25.04, 6, null, 59, 'LOWER'),
       (25.04, 7, null, 59, 'LOWER'),
       (25.04, 8, null, 59, 'LOWER'),
       (25.04, 9, null, 59, 'LOWER'),
       (25.04, 10, null, 59, 'LOWER'),

       (33.88, 1, null, 60, 'LOWER'),
       (33.88, 2, null, 60, 'LOWER'),
       (33.88, 3, null, 60, 'LOWER'),
       (33.88, 4, null, 60, 'LOWER'),
       (33.88, 5, null, 60, 'LOWER'),
       (33.88, 6, null, 60, 'LOWER'),
       (33.88, 7, null, 60, 'LOWER'),
       (33.88, 8, null, 60, 'LOWER'),
       (33.88, 9, null, 60, 'LOWER'),
       (33.88, 10, null, 60, 'LOWER');
